BA621NA;;O;
BA540ME;;O;
BL323BA;;O;
BA788DE;;O;
BA011OT;206;O;
BA345LO;207;O;
BA448DA;208;O;
BA494EA;209;O;
BA831HS;210;O;
BA540AL;211;O;
BA501AO;212;O;
SN207CR;213;O;
BA895JU;214;O;
BL772DO;215;O;
BL788EU;216;O;
NR263GV;217;O;
MA605CV;218;O;
BA914DS;219;O;
BA416KK;220;O;
BA586NS;221;O;
RK558BN;222;O;
MA324AS;223;O;
BA118VM;224;O;
BA110JB;225;O;
LM726AM;226;O;
BA232BD;227;O;
BA392TT;228;O;
NR815EP;229;O;
BA364VS;230;O;
BA366VN;231;O;
BL596LR;232;O;
BA826YK;233;O;
BA028BA;234;O;
BA114EB;235;O;
BA984GE;236;O;
GA027DZ;237;O;
BA822CA;238;O;
MI981AZ;239;O;
BA623DI;240;O;
BA110RC;241;O;
PK966BL;242;O;
BL387BV;243;O;
BL643DJ;244;O;
BA486UC;202;N;
BA030BK;251;N;
BA762XF;214;N;
BA956AT;215;N;
BB496AM;216;N;
BA433FO;217;N;
BA189BI;218;N;
BA528CP;219;N;
SE120AS;220;N;
BA292UH;214;N;
BA950RN;214;N;
BA374VL;200;N;
BL437GZ;203;N;
RV818BV;204;N;
BL560JH;205;N;
BA042JE;;N;
BA511TE;;N;
BA330VG;;N;
BA028VL;;N;
BL437KO;;N;
BA228LM;;N;
BA928ML;;N;
BA806KP;;N;
TO803AZ;;N;
BA341KR;;N;
BA185CK;;N;
BA311HC;201;A;
BA737CK;245;A;
RS797BB;246;A;
SA247BE;247;A;
MI660CR;248;A;
MA502BY;249;A;
BL074AD;250;A;